NominalName,EntryName,Category,ShortDescription,Tags,RelativeLink,Language
README,天下武功,WuGong,,WuGong,/WuGong/README.html,English
缩骨术,Overview,WuGong,,WuGong;身法,/WuGong/缩骨术.html,English
缩骨术,Side Effects,WuGong,,WuGong;身法,/WuGong/Side Effects_.html,Other
Minbi Eyok,Minbi Eyok,WuGong,,WuGong;外功,/WuGong/Minbi Eyok.html,English
Portable Air Cannon,Portable Air Cannon 空气炮,Weapon,,Weapon,/Weapon/Portable Air Cannon.html,English
Rivly,Rivly,Villages & Town,,Villages & Town,/Villages & Town/Rivly.html,English
Earth Day,Earth Day,Unit,,Unit,/Unit/Earth Day.html,English
Earth Gram,Earth Gram,Unit,,Unit,/Unit/Earth Gram.html,English
Earth Hour,Earth Hour,Unit,,Unit,/Unit/Earth Hour.html,English
Earth Meter,Earth Meter,Unit,,Unit,/Unit/Earth Meter.html,English
Earth Mile,Earth Mile,Unit,,Unit,/Unit/Earth Mile.html,English
Earth Minute,Earth Minute,Unit,,Unit,/Unit/Earth Minute.html,English
Earth Month,Earth Month,Unit,,Unit,/Unit/Earth Month.html,English
Earth Second,Earth Second,Unit,,Unit,/Unit/Earth Second.html,English
Earth Year,Earth Year,Unit,,Unit,/Unit/Earth Year.html,English
Tellus Mila,Tellus Mila,Unit,,Unit,/Unit/Tellus Mila.html,English
Tellus 丈,Tellus 丈,Unit,,Unit,/Unit/Tellus 丈.html,English
Unitless Counters or Number Counters,Unitless Counters/Number Counters (Unit Prefix),Unit,,Unit,/Unit/Unitless Counters or Number Counters.html,English
Akania,Akania,Union,,Union,/Union/Akania.html,English
Dalimuxin,Dalimuxin,Union,,Union,/Union/Dalimuxin.html,English
Mufansa De Mangoi,Mufansa De Mangoi,Union,,Union,/Union/Mufansa De Mangoi.html,English
Sintia De Ids,Sintia De Ids,Union,,Union,/Union/Sintia De Ids.html,English
Sintia De Nabiusa,Sintia De Nabiusa,Union,,Union,/Union/Sintia De Nabiusa.html,English
Sintia De Nanlia,Sintia De Nanlia,Union,,Union,/Union/Sintia De Nanlia.html,English
Buma,Buma,Tribe,,Tribe,/Tribe/Buma.html,English
Dando,Dando,Tribe,,Tribe,/Tribe/Dando.html,English
Guangdu,Guangdu,Tribe,,Tribe,/Tribe/Guangdu.html,English
Hangdu,Hangdu,Tribe,,Tribe,/Tribe/Hangdu.html,English
Liangqu,Liangqu,Tribe,,Tribe,/Tribe/Liangqu.html,English
Lim,Lim,Tribe,,Tribe,/Tribe/Lim.html,English
Mang,Mang,Tribe,,Tribe,/Tribe/Mang.html,English
Mango,Mango,Tribe,,Tribe,/Tribe/Mango.html,English
Nanli,Nanli,Tribe,,Tribe,/Tribe/Nanli.html,English
Nati,Nati,Tribe,,Tribe,/Tribe/Nati.html,English
Sali,Sali,Tribe,,Tribe,/Tribe/Sali.html,English
Solonia,Solonia,Tribe,,Tribe,/Tribe/Solonia.html,English
Soulage,Soulage,Tribe,,Tribe,/Tribe/Soulage.html,English
Ukai,Ukai,Tribe,,Tribe,/Tribe/Ukai.html,English
Widow,Widow,Tribe,,Tribe,/Tribe/Widow.html,English
Hover Drone Vehicle (Type 1),Hover Drone Vehicle (Type 1),Transportation,,Transportation,/Transportation/Hover Drone Vehicle (Type 1).html,English
Personal Flying Device,Personal Flying Device,Transportation,,Transportation,/Transportation/Personal Flying Device.html,English
Starship,Starship,Transportation,,Transportation,/Transportation/Starship.html,English
Traditional Medicine,Traditional Medicine,Tradition,,Tradition,/Tradition/Traditional Medicine.html,English
Vandentra-Medala-Alternative School (VMA) (School Type),Vandentra-Medala-Alternative School (Shwangchwan Education),Tradition,,Tradition,/Tradition/Vandentra-Medala-Alternative School (VMA) (School Type).html,English
Dreamscape BI,Dreamscape BI (Brain-Interface),Terminology,,Terminology,/Terminology/Dreamscape BI.html,English
Latent Capacity 潜能,Latent Capacity 潜能,Terminology,,Terminology,/Terminology/Latent Capacity 潜能.html,English
Right of The Queen,Right of The Queen 王的权利,Terminology,,Terminology,/Terminology/Right of The Queen.html,English
The Utmosis Belief Index (UBI),The Utmosis Belief Index (UBI) 乌托摩斯信仰指数,Terminology,,Terminology,/Terminology/The Utmosis Belief Index (UBI).html,English
Will of The Queen,Will of The Queen 王的意志,Terminology,,Terminology,/Terminology/Will of The Queen.html,English
西南地方,西南地方,Terminology,,Terminology,/Terminology/西南地方.html,English
God of Virtue - Tissana,God of Virtue - Tissana,Tellurian God,,Tellurian God,/Tellurian God/God of Virtue - Tissana.html,English
(Energy) Supercharged Storage Battery (incl. 晶铁),Supercharged Storage Battery,Technology,,Technology,/Technology/(Energy) Supercharged Storage Battery (incl. 晶铁).html,English
(General Space Relics and Type II & Type III Tech),(General Space Relics and Type II & Type III Tech),Technology,,Technology,/Technology/(General Space Relics and Type II & Type III Tech).html,English
Agent,Agent,Technology,,Technology,/Technology/Agent.html,English
Ancient Sea Life Technology (Biofuel, Biomatter, Biomaterial),The Ancient Sea Life Technology,Technology,,Technology,/Technology/Ancient Sea Life Technology (Biofuel, Biomatter, Biomaterial).html,English
Automatic Repair Robot,Automatic Repari Robot,Technology,,Technology,/Technology/Automatic Repair Robot.html,English
Compressed Quantumn Storage,Compressed Quantum Storage,Technology,,Technology,/Technology/Compressed Quantumn Storage.html,English
Crystal Chips,Crystal Chips 晶片,Technology,,Technology,/Technology/Crystal Chips.html,English
Dicycle,Dicycle,Technology,,Technology,/Technology/Dicycle.html,English
Embryo Printing,DNA/Embryo Printing,Technology,,Technology,/Technology/Embryo Printing.html,English
Floating Trail Technology,Floating Trail Technology,Technology,,Technology,/Technology/Floating Trail Technology.html,English
Gesture Controlled TV,Gesture Controlled TV,Technology,,Technology,/Technology/Gesture Controlled TV.html,English
Gravity Technologies,Gravity Technologies,Technology,,Technology,/Technology/Gravity Technologies.html,English
Hologram Fan,Hologram Fan,Technology,,Technology,/Technology/Hologram Fan.html,English
Household Robots,Household Robots,Technology,,Technology,/Technology/Household Robots.html,English
Metal Fuel,Metal Fuel,Technology,,Technology,/Technology/Metal Fuel.html,English
Modern Medicine,Modern Medicine,Technology,,Technology,/Technology/Modern Medicine.html,English
Monocycle,Monocycle,Technology,,Technology,/Technology/Monocycle.html,English
Nano Gadget Transformer,Nano Gadget Transformer,Technology,,Technology,/Technology/Nano Gadget Transformer.html,English
Nano-Battery Active Clothing,Nano-Battery Active Clothing,Technology,,Technology,/Technology/Nano-Battery Active Clothing.html,English
Neuroclenser,Neuroclenser 清零,Technology,,Technology,/Technology/Neuroclenser.html,English
Neutronium Bomb,Neutronium Bomb,Technology,,Technology,/Technology/Neutronium Bomb.html,English
Phong Ring 风戒,Phone Ring,Technology,,Technology,/Technology/Phong Ring 风戒.html,English
Programmable Nano Robot,Programmable Nano Robot,Technology,,Technology,/Technology/Programmable Nano Robot.html,English
Quantum Computer,Quantum Computer,Technology,,Technology,/Technology/Quantum Computer.html,English
Quantum Engine,Quantum Engine,Technology,,Technology,/Technology/Quantum Engine.html,English
Robotics,Robotics,Technology,,Technology,/Technology/Robotics.html,English
Seeding,Seeding,Technology,,Technology,/Technology/Seeding.html,English
Smell Collector,Smell Collector,Technology,,Technology,/Technology/Smell Collector.html,English
Sphero,Sphero,Technology,,Technology,/Technology/Sphero.html,English
Sphero,Notes,Technology,,Technology,/Technology/Notes_.html,Other
Sphero,References,Technology,,Technology,/Technology/References_.html,Other
Submersion Technologies,Submersion Technologies,Technology,,Technology,/Technology/Submersion Technologies.html,English
Submersion Technologies,Description,Technology,,Technology,/Technology/Description_.html,Other
Teleportation Gateway (Stargates),Teleportation Gateway,Technology,,Technology,/Technology/Teleportation Gateway (Stargates).html,English
Temporal (Mini) Blackhole Bomb,Temporal (Mini) Blackhole Bomb,Technology,,Technology,/Technology/Temporal (Mini) Blackhole Bomb.html,English
The Mach Engine and Derivatives,The Mach Engine and Derivatives,Technology,,Technology,/Technology/The Mach Engine and Derivatives.html,English
Time Clock,Time Clock,Technology,,Technology,/Technology/Time Clock.html,English
Zadina,Zadina,Technology,,Technology,/Technology/Zadina.html,English
漂浮岛,(Landmark) 漂浮岛,Technology,,Technology,/Technology/漂浮岛.html,English
超能源,超能源,Technology,,Technology,/Technology/超能源.html,English
Minbi Eyok,Minbi Eyok,Technique,,Technique,/Technique/Minbi Eyok.html,English
Wireless Brain Control Technology,Techniques,Technique,,Technique,/Technique/Wireless Brain Control Technology.html,English
CofN Open Platform,CofN Open Platform,System,,System,/System/CofN Open Platform.html,English
CofN Open Platform,In this document we will depict the relation between various components of CofN Open Platform,System,,System,/System/In this document we will depict the relation between various components of CofN Open Platform_.html,Other
E12 Language Grading & Certification,E12 Language Grading & Certification,System,,System,/System/E12 Language Grading & Certification.html,English
E12 Language Grading & Certification,Description,System,,System,/System/Description_.html,Other
NFC Cityzen ID,NFC Cityzen ID,System,,System,/System/NFC Cityzen ID.html,English
Social Contribution Points,Social Contribution Points,System,,System,/System/Social Contribution Points.html,English
枯焦眼镜,枯焦眼镜,Store,,Store,/Store/枯焦眼镜.html,English
Ashwell Stock Exchange,Ashwell Stock Exchange,Stock Exchange,,Stock Exchange,/Stock Exchange/Ashwell Stock Exchange.html,English
Doma,Doma,Star,,Star,/Star/Doma.html,English
Sol I,Sol,Star,,Star,/Star/Sol I.html,English
Sol II,Sol 2,Star,,Star,/Star/Sol II.html,English
N+B+K (Dominance Hunt),NBK,Sport,,Sport,/Sport/N+B+K (Dominance Hunt).html,English
Water Ball (Tentative Name),Water Quidditch,Sport,,Sport,/Sport/Water Ball (Tentative Name).html,English
Phorudim,Phorudim,Spaceship,,Spaceship,/Spaceship/Phorudim.html,English
Phorudim,Earlier Treatise,Spaceship,,Spaceship,/Spaceship/Earlier Treatise_.html,Other
Star Space Warfield 星际古战场,Star Space Warfield 星际古战场,Space Location,,Space Location,/Space Location/Star Space Warfield 星际古战场.html,English
The Center of Universe 宇宙中心,The Center of Universe 宇宙中心,Space Location,,Space Location,/Space Location/The Center of Universe 宇宙中心.html,English
不晚,不晚,Song,,Song,/Song/不晚.html,English
(The Magic Academy),(The Magic Academy),School,,School,/School/(The Magic Academy).html,English
(Buddhism 佛宗),Buddhism,Religion,,Religion,/Religion/(Buddhism 佛宗).html,English
(Buddhism 佛宗),(New) Theme: Life after Death,Religion,,Religion,/Religion/(New) Theme_ Life after Death_.html,Other
(Medalian Inspired Tellurian Religion - Original Branch),The Original Medalian-Inspired Religion as Originated on Tellus Upon Medalian Arrival,Religion,,Religion,/Religion/(Medalian Inspired Tellurian Religion - Original Branch).html,English
(Medalian Religion),(MEdalian Religion),Religion,,Religion,/Religion/(Medalian Religion).html,English
(The Mirror Church),The Mirror Church,Religion,,Religion,/Religion/(The Mirror Church).html,English
Barakhan,Barakhan,Religion,,Religion,/Religion/Barakhan.html,English
Oneirosophy,Oneirosophy,Religion,,Religion,/Religion/Oneirosophy.html,English
The Last Order - The Hidden Doctrine,The Last Order - The Hidden Doctrine,Religion,,Religion,/Religion/The Last Order - The Hidden Doctrine.html,English
爱宗 (God of Sex),爱宗,Religion,,Religion,/Religion/爱宗 (God of Sex).html,English
Conceptians 概南人,Conceptians 概南人,Race,,Race,/Race/Conceptians 概南人.html,English
Fepulans Players,Fepulans Players,Race,,Race,/Race/Fepulans Players.html,English
Fepulans,Fepulans,Race,,Race,/Race/Fepulans.html,English
Kruks,Kruks,Race,,Race,/Race/Kruks.html,English
Kruks,LFR,Race,,Race,/Race/LFR_.html,Other
Medala,Medala,Race,,Race,/Race/Medala.html,English
Medalian People (Ids),Medalian People (Ids),Race,,Race,/Race/Medalian People (Ids).html,English
Neputalis - Evian People (Evians),Neputalis - Evian People (Evians),Race,,Race,/Race/Neputalis - Evian People (Evians).html,English
Netupalis,Netupalis,Race,,Race,/Race/Netupalis.html,English
Tellurians,Tellurians (Homo Sapiens) (Humans),Race,,Race,/Race/Tellurians.html,English
Bubbles Atowhin This World,Bubbles Atowhin This World,Publication,,Publication,/Publication/Bubbles Atowhin This World.html,English
README,Publications,Publication,,Publication,/Publication/README.html,English
九层楼纪实,(Book) 九层楼纪实,Publication,,Publication,/Publication/九层楼纪实.html,English
天下诏书,天下诏书,Publication,,Publication,/Publication/天下诏书.html,English
Soisopol,Soisopol,Province,,Province,/Province/Soisopol.html,English
The Hanix,The Hanix,Program,,Program,/Program/The Hanix.html,English
C++,C++,Programming Language,,Programming Language,/Programming Language/C++.html,English
Formless,Formless,Programming Language,,Programming Language,/Programming Language/Formless.html,English
Prolog,Prolog,Programming Language,,Programming Language,/Programming Language/Prolog.html,English
Drone Pilot,Drone Pilot,Profession,,Profession,/Profession/Drone Pilot.html,English
Ether Series Airplane,Ether Series Airplane,Product,,Product,/Product/Ether Series Airplane.html,English
(Legendary) Merveil 荨草 麻草,(Marijunna) 荨草 麻草,Plant,,Plant,/Plant/(Legendary) Merveil 荨草 麻草.html,English
Greenlit Horse Shat,Greenlit Horse Shat,Plant,,Plant,/Plant/Greenlit Horse Shat.html,English
Amusa,Amusa,Planet,,Planet,/Planet/Amusa.html,English
Centas,Centas,Planet,,Planet,/Planet/Centas.html,English
Chaoni,Chaoni,Planet,,Planet,/Planet/Chaoni.html,English
Chaoni,Constitution,Planet,,Planet,/Planet/Constitution_.html,Other
Duloh-ɲ,Duloh-ɲ,Planet,,Planet,/Planet/Duloh-ɲ.html,English
Earth,Earth,Planet,,Planet,/Planet/Earth.html,English
Eva (Home),Eva (The Original Place) - THE ORIGINATING PLANET (Ancestry Planet) (""Home Planet"" - though it's confusing so we don't use this term anymore),Planet,,Planet,/Planet/Eva (Home).html,English
Fukxim,Fukxim,Planet,,Planet,/Planet/Fukxim.html,English
Ids,Planet Ids,Planet,,Planet,/Planet/Ids.html,English
Ids,Technical Notes,Planet,,Planet,/Planet/Technical Notes_.html,Other
Ids,Discussions,Planet,,Planet,/Planet/Discussions_.html,Other
Kolen,Kolen,Planet,,Planet,/Planet/Kolen.html,English
Manulos,Manulos,Planet,,Planet,/Planet/Manulos.html,English
Mesepoto,Mesepoto,Planet,,Planet,/Planet/Mesepoto.html,English
Na-O,Na-O,Planet,,Planet,/Planet/Na-O.html,English
Naku,Naku,Planet,,Planet,/Planet/Naku.html,English
Nestro,Nestro,Planet,,Planet,/Planet/Nestro.html,English
Puma,Puma,Planet,,Planet,/Planet/Puma.html,English
Tellus,Tellus,Planet,,Planet,/Planet/Tellus.html,English
Trilaris,Trilaris,Planet,,Planet,/Planet/Trilaris.html,English
Wilamuda,Wilamuda,Planet,,Planet,/Planet/Wilamuda.html,English
Zai,Zai,Planet,,Planet,/Planet/Zai.html,English
Euphthansia (Death from Sex),Euphthansia (Pending alternative naming),Phenomenon,,Phenomenon,/Phenomenon/Euphthansia (Death from Sex).html,English
Aa Mu,Aa Mu,People,,People,/People/Aa Mu.html,English
AAA (GibliAr 吉伯赖尔),Gibli-Ar 吉伯赖尔,People,,People,/People/AAA (GibliAr 吉伯赖尔).html,English
Airi,Airi,People,,People,/People/Airi.html,English
Alice,Alice,People,,People,/People/Alice.html,English
Amelia Fontaine,Amelia Fontaine,People,,People,/People/Amelia Fontaine.html,English
Arbel Netoyove 阿贝尔·耐特犹夫,Arbel Netoyove,People,,People,/People/Arbel Netoyove 阿贝尔·耐特犹夫.html,English
Aulsa Tuannin,Aulsa Tuannin,People,,People,/People/Aulsa Tuannin.html,English
Callum Draven,Callum Draven,People,,People,/People/Callum Draven.html,English
Catherine Leng 冷雪映,Catherine Leng 冷雪映,People,,People,/People/Catherine Leng 冷雪映.html,English
Charles Zhang,Charles (Zhang?) - The Restaurant Owner,People,,People,/People/Charles Zhang.html,English
Charles Zhang,Overview,People,,People,/People/Overview_.html,Other
Chumin,Chumin,People,,People,/People/Chumin.html,English
Cioi Phong 斯沃依冯,Cioi Phong 斯沃依冯,People,,People,/People/Cioi Phong 斯沃依冯.html,English
CZ,CZ,People,,People,/People/CZ.html,English
Ding Zunan 丁祖楠,Ding Zunan 丁祖楠,People,,People,/People/Ding Zunan 丁祖楠.html,English
Dr. Serena Mori,Dr. Serena Mori,People,,People,/People/Dr. Serena Mori.html,English
Du Tian Yan 妒天颜,Du Tian Yan 妒天颜,People,,People,/People/Du Tian Yan 妒天颜.html,English
Ela Bu,Ela Bu (Tao Ye),People,,People,/People/Ela Bu.html,English
Eleven Baker,Eleven Baker 艾丽文·贝可,People,,People,/People/Eleven Baker.html,English
Elish Hwang,Elish Hwang,People,,People,/People/Elish Hwang.html,English
Ellen Baker,Ellen Baker,People,,People,/People/Ellen Baker.html,English
Erika 伊莉卡,Erika 伊莉卡,People,,People,/People/Erika 伊莉卡.html,English
Fersh,Fersh,People,,People,/People/Fersh.html,English
Gao Cong 高聪,Gao Cong,People,,People,/People/Gao Cong 高聪.html,English
General Tao,General Tao,People,,People,/People/General Tao.html,English
Goddess Zhao,Goddess Zhao 昭玦君,People,,People,/People/Goddess Zhao.html,English
Gong Shou Xing,Overview,People,,People,/People/Gong Shou Xing.html,English
Guomo Shu,Guomo Shu,People,,People,/People/Guomo Shu.html,English
Henrik Schafer,Henrik Schafer,People,,People,/People/Henrik Schafer.html,English
Hokika Hong Lian 红炼,Hokika Link,People,,People,/People/Hokika Hong Lian 红炼.html,English
Hu Zuhao 胡祖豪,胡祖豪,People,,People,/People/Hu Zuhao 胡祖豪.html,English
Iko Osawa 伊扣欧沙,Iko Osawa 伊扣欧沙,People,,People,/People/Iko Osawa 伊扣欧沙.html,English
Jerry Sun 孙俊杰,Jerry Sun 孙俊杰,People,,People,/People/Jerry Sun 孙俊杰.html,English
Jouzou Doqi 久手道奇,Jouzou Doqi 久手道奇,People,,People,/People/Jouzou Doqi 久手道奇.html,English
Kaiji 1,Kaiji,People,,People,/People/Kaiji 1.html,English
Kalara Voss,Kalara Voss,People,,People,/People/Kalara Voss.html,English
Leng Mu 冷沐,Leng Mu,People,,People,/People/Leng Mu 冷沐.html,English
Lequad,Lequad,People,,People,/People/Lequad.html,English
LI Qiang 李强,Li Qiang 李强,People,,People,/People/LI Qiang 李强.html,English
Liliane Nachtwald,Liliane Nachtwald,People,,People,/People/Liliane Nachtwald.html,English
Maggie Dugu,Maggie Dugu,People,,People,/People/Maggie Dugu.html,English
Mori Yazuki,Mori Yazuki,People,,People,/People/Mori Yazuki.html,English
Nahd,Nahd,People,,People,/People/Nahd.html,English
Ora Busa Lika (Kun I),Ora Busa Lika (Queen 1),People,,People,/People/Ora Busa Lika (Kun I).html,English
Ora Chamurika (Kun V),Ora Chamurika,People,,People,/People/Ora Chamurika (Kun V).html,English
Ora Heya Kamita (Kun III),Ora Heya Kamila,People,,People,/People/Ora Heya Kamita (Kun III).html,English
Ora Heya Yuit (Kun II),Ora Heya Yuit (Kun II),People,,People,/People/Ora Heya Yuit (Kun II).html,English
Ora Sevia Tuma (Kun VI),Ora Sevia Tuma,People,,People,/People/Ora Sevia Tuma (Kun VI).html,English
Ora Sham Delinm (Doita Dəlin) (Kun VII),Ora Sham Delinm,People,,People,/People/Ora Sham Delinm (Doita Dəlin) (Kun VII).html,English
Ora Uaika Minva (Kun IV),Ora Uaika Minva (Kun IV),People,,People,/People/Ora Uaika Minva (Kun IV).html,English
Patricia Novak,Patricia Novak,People,,People,/People/Patricia Novak.html,English
Qin Ge 琴歌,Qin Ge 琴歌,People,,People,/People/Qin Ge 琴歌.html,English
README,People,People,,People,/People/README.html,English
README,ch:人物,People,,People,/People/ch_人物_.html,Other
Shuangchuan,Shwangchwan (Pending first/last name),People,,People,/People/Shuangchuan.html,English
Sobia,Sobia The AI Robot,People,,People,/People/Sobia.html,English
Song Can 宋粲,Song Can 宋粲,People,,People,/People/Song Can 宋粲.html,English
Song Can 宋粲,Notes,People,,People,/People/Notes_.html,Other
Source Code,Source Code,People,,People,/People/Source Code.html,English
Sun Quanrui 孙权瑞,Sun Quanrui 孙权瑞,People,,People,/People/Sun Quanrui 孙权瑞.html,English
Tao Ye 陶冶,Tao Ye,People,,People,/People/Tao Ye 陶冶.html,English
Tong Bi,Tong Bi,People,,People,/People/Tong Bi.html,English
Vasilis Korovin,Vasilis Korovin,People,,People,/People/Vasilis Korovin.html,English
Vulkan,Emperor Vulkan,People,,People,/People/Vulkan.html,English
William Turner,William Turner,People,,People,/People/William Turner.html,English
Xia Cheng Nan 夏成楠,Xia Cheng Nan 夏成楠,People,,People,/People/Xia Cheng Nan 夏成楠.html,English
XianSheng Leng, Mr. Leng 冷先胜,Mr. Leng 冷先胜,People,,People,/People/XianSheng Leng, Mr. Leng 冷先胜.html,English
XianSheng Leng, Mr. Leng 冷先胜,The Tale of Alternative Worlds,People,,People,/People/The Tale of Alternative Worlds_.html,Other
XianSheng Leng, Mr. Leng 冷先胜,Notes,People,,People,/People/Notes_.html,Other
Xiao Hena 萧何娜,Xiao Hena 萧何娜,People,,People,/People/Xiao Hena 萧何娜.html,English
Xiao Kan 萧衎,Xiao Kan 萧衎,People,,People,/People/Xiao Kan 萧衎.html,English
Xu Peng许鹏,Xu Peng 许鹏,People,,People,/People/Xu Peng许鹏.html,English
Yosaf Ib Bahrim,Yosaf Ib Bahrim,People,,People,/People/Yosaf Ib Bahrim.html,English
Yting Liu,Yting Liu,People,,People,/People/Yting Liu.html,English
Yumarei 原麻爱,Yumarei 原麻爱,People,,People,/People/Yumarei 原麻爱.html,English
Zarna Doqima 珺胤 (Kun VIII Candidate) (Kirin),Zarno Doqima,People,,People,/People/Zarna Doqima 珺胤 (Kun VIII Candidate) (Kirin).html,English
Zhang He 张鹤,Zhang He 张鹤,People,,People,/People/Zhang He 张鹤.html,English
Zhao Qianya 赵倩雅,赵倩雅,People,,People,/People/Zhao Qianya 赵倩雅.html,English
Zhong Wuya,Zhong Wuya,People,,People,/People/Zhong Wuya.html,English
Zhong Wuyan,Zhong Wuyan,People,,People,/People/Zhong Wuyan.html,English
上江生煎-伙计,上江生煎-伙计,People,,People,/People/上江生煎-伙计.html,English
云虚大师,云虚大师,People,,People,/People/云虚大师.html,English
今枝直,今枝直,People,,People,/People/今枝直.html,English
倪瑞金,倪瑞金,People,,People,/People/倪瑞金.html,English
元本先尊,元本先尊,People,,People,/People/元本先尊.html,English
千秋叶君代,千秋叶君代,People,,People,/People/千秋叶君代.html,English
古儿,古儿,People,,People,/People/古儿.html,English
周南星,周南星,People,,People,/People/周南星.html,English
周涛,周涛,People,,People,/People/周涛.html,English
张老爷,张老爷,People,,People,/People/张老爷.html,English
白斩,白斩,People,,People,/People/白斩.html,English
白木子·宫前,白木子·宫前,People,,People,/People/白木子·宫前.html,English
祝西城,祝西城,People,,People,/People/祝西城.html,English
秋志,秋志,People,,People,/People/秋志.html,English
穆德霖,Mu Delin,People,,People,/People/穆德霖.html,English
穆莫哈德,Overview,People,,People,/People/穆莫哈德.html,English
竹林五友,竹林五友,People,,People,/People/竹林五友.html,English
苏简简,苏简简,People,,People,/People/苏简简.html,English
萧母,萧母,People,,People,/People/萧母.html,English
(Citadel of) Capital Investments (CCI),Citadel of Capital Investments (CCI),Organization,,Organization,/Organization/(Citadel of) Capital Investments (CCI).html,English
(NFC Unnamed),(NFC Unnamed),Organization,,Organization,/Organization/(NFC Unnamed).html,English
Access United,Access United,Organization,,Organization,/Organization/Access United.html,English
Aramaki-Kai,Aramaki-Kai,Organization,,Organization,/Organization/Aramaki-Kai.html,English
BioFusion,BioFusion Inc.,Organization,,Organization,/Organization/BioFusion.html,English
Brainwave,Brainwave,Organization,,Organization,/Organization/Brainwave.html,English
Cityzen Bank,Cityzen Bank,Organization,,Organization,/Organization/Cityzen Bank.html,English
DECO,DECO 德霖企划 -> 德霖金企,Organization,,Organization,/Organization/DECO.html,English
DECO,Remarks,Organization,,Organization,/Organization/Remarks_.html,Other
Delin Consultation 德霖企划,Delin Consultation Ltd.,Organization,,Organization,/Organization/Delin Consultation 德霖企划.html,English
Dreamscape,Dreamscape,Organization,,Organization,/Organization/Dreamscape.html,English
Emily & James,Emily & James,Organization,,Organization,/Organization/Emily & James.html,English
Euphora 醉生楼,醉生楼,Organization,,Organization,/Organization/Euphora 醉生楼.html,English
Euphora 醉生楼,Overview,Organization,,Organization,/Organization/Overview_.html,Other
Euphora 醉生楼,General Indexed Notes,Organization,,Organization,/Organization/General Indexed Notes_.html,Other
Euphora 醉生楼,LFR,Organization,,Organization,/Organization/LFR_.html,Other
Euphora 醉生楼,Description,Organization,,Organization,/Organization/Description_.html,Other
Euphora 醉生楼,Timeline,Organization,,Organization,/Organization/Timeline_.html,Other
EYA,EYA,Organization,,Organization,/Organization/EYA.html,English
General Redes 通用雷德斯,General Redes 通用雷德斯,Organization,,Organization,/Organization/General Redes 通用雷德斯.html,English
Humanity Evolution Laboratory 人类进化研究所,Humanity Evolution Laboratory (HEL) 人类进化研究所,Organization,,Organization,/Organization/Humanity Evolution Laboratory 人类进化研究所.html,English
Incollect (Online Platform),Incollect,Organization,,Organization,/Organization/Incollect (Online Platform).html,English
Instellar Mission 音斯太乐,Instellar Mission,Organization,,Organization,/Organization/Instellar Mission 音斯太乐.html,English
Interstellar Operation,Interstellar Operation,Organization,,Organization,/Organization/Interstellar Operation.html,English
Interworld Economics,Interworld Economics,Organization,,Organization,/Organization/Interworld Economics.html,English
Investiq,Investiq,Organization,,Organization,/Organization/Investiq.html,English
Latter Day Praxism,Latter Day Praxism,Organization,,Organization,/Organization/Latter Day Praxism.html,English
Lumera Inc.,Lumera Inc.,Organization,,Organization,/Organization/Lumera Inc..html,English
Methodox Technologies, Inc.,Methodox Technologies, Inc.,Organization,,Organization,/Organization/Methodox Technologies, Inc..html,English
Mine (Social Media),Mine,Organization,,Organization,/Organization/Mine (Social Media).html,English
NFC Kirin 九层楼珺胤,NFC Kirin 九层楼珺胤,Organization,,Organization,/Organization/NFC Kirin 九层楼珺胤.html,English
Republic Communist Party (RCP),Replubic Communist PArty (RCP),Organization,,Organization,/Organization/Republic Communist Party (RCP).html,English
Republic Communist Party (RCP),Trivia,Organization,,Organization,/Organization/Trivia_.html,Other
Sakura Gang,Sakura Gang,Organization,,Organization,/Organization/Sakura Gang.html,English
Seeking Mate,Seeking Mate,Organization,,Organization,/Organization/Seeking Mate.html,English
Sintel,Sintel,Organization,,Organization,/Organization/Sintel.html,English
The Asabi Army,The Asabi Army,Organization,,Organization,/Organization/The Asabi Army.html,English
The Dream Institute (Whisper),The Dream Institute/Dream Research Institute (Whisper),Organization,,Organization,/Organization/The Dream Institute (Whisper).html,English
The Dream Institute (Whisper),Notes,Organization,,Organization,/Organization/Notes_.html,Other
The Gaming Company,The Gaming Company,Organization,,Organization,/Organization/The Gaming Company.html,English
The Last Order (TLO),The Last Order,Organization,,Organization,/Organization/The Last Order (TLO).html,English
The Luckassen School of Architecture 卢卡森建筑学院,The Luckassen School of Architecture 卢卡森建筑学院,Organization,,Organization,/Organization/The Luckassen School of Architecture 卢卡森建筑学院.html,English
The Royal Academy,The Royal Academy,Organization,,Organization,/Organization/The Royal Academy.html,English
TheCompany,TheCompany,Organization,,Organization,/Organization/TheCompany.html,English
TheCompany,Notes,Organization,,Organization,/Organization/Notes_.html,Other
TME Group,TME Group,Organization,,Organization,/Organization/TME Group.html,English
Universal Energy Cooperation 环球能源,Notes,Organization,,Organization,/Organization/Universal Energy Cooperation 环球能源.html,English
Vision United (The Xia Family) (联观),Vision United (The Xia Family) (联观),Organization,,Organization,/Organization/Vision United (The Xia Family) (联观).html,English
Western Entertainments,Western Entertainments Ltd.,Organization,,Organization,/Organization/Western Entertainments.html,English
Whisper (Original),The Cosmopolitan Lyzeum (Original Whisper in Vandentra),Organization,,Organization,/Organization/Whisper (Original).html,English
Whisper 威斯波尔 (Re-built),Whisper - The School,Organization,,Organization,/Organization/Whisper 威斯波尔 (Re-built).html,English
Zuroqiro 祖罗奇罗,Zuroqiro,Organization,,Organization,/Organization/Zuroqiro 祖罗奇罗.html,English
元良山,元良山,Organization,,Organization,/Organization/元良山.html,English
天真女塾,天真女塾,Organization,,Organization,/Organization/天真女塾.html,English
木火秋,木火秋,Organization,,Organization,/Organization/木火秋.html,English
木火秋,Overview,Organization,,Organization,/Organization/Overview_.html,Other
木火秋,Notes,Organization,,Organization,/Organization/Notes_.html,Other
魅途国际,魅途国际 -> 星途国际 -> 魅途星际,Organization,,Organization,/Organization/魅途国际.html,English
Ikima,Ikima,Ocean,,Ocean,/Ocean/Ikima.html,English
Ikisia,Ikisia,Ocean,,Ocean,/Ocean/Ikisia.html,English
Kaniki,Kaniki,Ocean,,Ocean,/Ocean/Kaniki.html,English
Nabiusa,Nabuisa,Ocean,,Ocean,/Ocean/Nabiusa.html,English
README,Non-Human Characters,NonHuman,,NonHuman,/NonHuman/README.html,English
Vyongraxus,Vyongraxus,Non-Human Character,,Non-Human Character,/Non-Human Character/Vyongraxus.html,English
Leng (Last Name),Leng 冷姓,Name,,Name,/Name/Leng (Last Name).html,English
Ora (Status Name),Ora (Status Name),Name,,Name,/Name/Ora (Status Name).html,English
Glauglau,Glauglau,Moon,,Moon,/Moon/Glauglau.html,English
Lula,Lula (Tellu's Moon),Moon,,Moon,/Moon/Lula.html,English
Niou,Niou,Moon,,Moon,/Moon/Niou.html,English
Osmuk,(Moon) Osmuk - ""The Distant Moon"",Moon,,Moon,/Moon/Osmuk.html,English
Yei,(Moon) Yei (""Yeyi""),Moon,,Moon,/Moon/Yei.html,English
Reflective Weapon & Reflective Aiming,Reflective Weapon & Reflective Aiming,Military,,Military,/Military/Reflective Weapon & Reflective Aiming.html,English
天地人,天地人,Media,,Media,/Media/天地人.html,English
天地人,Description,Media,,Media,/Media/Description_.html,Other
天地人,Notes,Media,,Media,/Media/Notes_.html,Other
Helaia De Kruk,Helaia De Kruk,Medalian Order,,Medalian Order,/Medalian Order/Helaia De Kruk.html,English
Ikuria,Ikuria,Medalian Order,,Medalian Order,/Medalian Order/Ikuria.html,English
Miah,Miah,Medalian Order,,Medalian Order,/Medalian Order/Miah.html,English
Mufansa De Medala,Mufansa De Medala,Medalian Order,,Medalian Order,/Medalian Order/Mufansa De Medala.html,English
Xiramu,Xiramu,Medalian Order,,Medalian Order,/Medalian Order/Xiramu.html,English
Astra,Astra,Magic,,Magic,/Magic/Astra.html,English
Khalin,Khalin,Magic,,Magic,/Magic/Khalin.html,English
The Veil of Silence,The Veil of Silence,Magic,,Magic,/Magic/The Veil of Silence.html,English
Threads of Fate,Threads of Fate,Magic,,Magic,/Magic/Threads of Fate.html,English
(Robot Fast Food),PENDING RENAME,Location,,Location,/Location/(Robot Fast Food).html,English
Blue Mountain Crystal Mine,Blue Mountain Crystal Mine,Location,,Location,/Location/Blue Mountain Crystal Mine.html,English
Distrct 19 第十九区,Distrct 19 第十九区,Location,,Location,/Location/Distrct 19 第十九区.html,English
District 9 第九区,Distrct 9 第九区,Location,,Location,/Location/District 9 第九区.html,English
Dump Site,焚化池,Location,,Location,/Location/Dump Site.html,English
El Starkan 艾斯达坦,El Starkan 艾斯达坦,Location,,Location,/Location/El Starkan 艾斯达坦.html,English
NFC Undercity (Human) Pet Store,NFC Undercity (Human) Pet Store,Location,,Location,/Location/NFC Undercity (Human) Pet Store.html,English
Open Sauna,Open Sauna,Location,,Location,/Location/Open Sauna.html,English
Pantagruel (CSU),Pantagruel 庞塔格鲁埃利安 ""(In) The Palace"",Location,,Location,/Location/Pantagruel (CSU).html,English
Portkey Collection Room,Portkey Collection Room 星标搜集库,Location,,Location,/Location/Portkey Collection Room.html,English
Rich Hill Hillside Geriatric & Rehabilitation Center,Rich Hill Hillside Geriatric & Rehabilitation Center,Location,,Location,/Location/Rich Hill Hillside Geriatric & Rehabilitation Center.html,English
Rich Hill Orphanage,Rich Hill Orphanage/Astorbridge Children’s Home,Location,,Location,/Location/Rich Hill Orphanage.html,English
Submarine District,Submarine District,Location,,Location,/Location/Submarine District.html,English
Tao Ye's Dream,Tao Ye's Dream,Location,,Location,/Location/Tao Ye's Dream.html,English
The Golden Palace,Overview,Location,,Location,/Location/The Golden Palace.html,English
The Keep Tower,The Keep Tower,Location,,Location,/Location/The Keep Tower.html,English
The Middle Seas,The Middle Seas,Location,,Location,/Location/The Middle Seas.html,English
The Spaceship Launching Memorial Park,The Spaceship Launching Memorial Park,Location,,Location,/Location/The Spaceship Launching Memorial Park.html,English
The Spaceship Launching Memorial Park,_OutWorld,Location,,Location,/Location/_OutWorld_.html,Other
Undercity 地下城,Undercity 地下城,Location,,Location,/Location/Undercity 地下城.html,English
Western Land,Western Land 西天极乐世界,Location,,Location,/Location/Western Land.html,English
九层楼图书馆,NFC Libraries,Location,,Location,/Location/九层楼图书馆.html,English
九层楼图书馆,ch:九层楼图书馆,Location,,Location,/Location/ch_九层楼图书馆_.html,Other
回合院,回合院,Location,,Location,/Location/回合院.html,English
天柱九,天柱九,Location,,Location,/Location/天柱九.html,English
涪陵镜界,涪陵镜界,Location,,Location,/Location/涪陵镜界.html,English
涪陵镜界,Description,Location,,Location,/Location/Description_.html,Other
涪陵镜界,Notes,Location,,Location,/Location/Notes_.html,Other
瑞土（神舟瑞土）,瑞土（神舟瑞土）,Location,,Location,/Location/瑞土（神舟瑞土）.html,English
立清高中,立清高中,Location,,Location,/Location/立清高中.html,English
金安寺,金安寺,Location,,Location,/Location/金安寺.html,English
金安寺,Description,Location,,Location,/Location/Description_.html,Other
Dreams,Dreams,Legend,,Legend,/Legend/Dreams.html,English
Queen's Hidden Treasure,Queen's Hidden Treasure,Legend,,Legend,/Legend/Queen's Hidden Treasure.html,English
Hyupeda (Portkey),Portkey 星刻 -> Hyupeda (Hipda),Legendary Object,,Legendary Object,/Legendary Object/Hyupeda (Portkey).html,English
瓦尔基丽雅 Valkyrja (Valkyria),瓦尔基丽雅 Valkyrja (Valkyria) (PENDING RENAME),Legendary Object,,Legendary Object,/Legendary Object/瓦尔基丽雅 Valkyrja (Valkyria).html,English
Ex Calibre,Ex Calibre 藏灵药,Legendary Entitie,,Legendary Entitie,/Legendary Entitie/Ex Calibre.html,English
Ex Calibre,Notes,Legendary Entitie,,Legendary Entitie,/Legendary Entitie/Notes_.html,Other
Robotic Marriage 机器人法案 - 机器人婚姻法,Robotic Marriage 机器人法案 - 机器人婚姻法,Legal and Law,,Legal and Law,/Legal and Law/Robotic Marriage 机器人法案 - 机器人婚姻法.html,English
Alphabetica,Alphabetica,Language,,Language,/Language/Alphabetica.html,English
Chinnanese,Chinnanese,Language,,Language,/Language/Chinnanese.html,English
Kamen,Kamen,Language,,Language,/Language/Kamen.html,English
Nacle,Nacle,Language,,Language,/Language/Nacle.html,English
Retaw,Retaw,Language,,Language,/Language/Retaw.html,English
Tatabryl,Tatabryl,Language,,Language,/Language/Tatabryl.html,English
Tellurian Languages,Tellurian Languages,Language,,Language,/Language/Tellurian Languages.html,English
The Medalian Language,The Medalian Language,Language,,Language,/Language/The Medalian Language.html,English
Appes Lake,Appes,Lake,,Lake,/Lake/Appes Lake.html,English
Artlist.zora,Artlist.zora,Internet,,Internet,/Internet/Artlist.zora.html,English
AstraTrade.zora,AstraTrade.zora,Internet,,Internet,/Internet/AstraTrade.zora.html,English
City.nfc,City.nfc,Internet,,Internet,/Internet/City.nfc.html,English
City.nfc,--Outworld,Internet,,Internet,/Internet/--Outworld_.html,Other
Citybank.nfc,Citybank.nfc,Internet,,Internet,/Internet/Citybank.nfc.html,English
Investiq.zora,Investiq.zora,Internet,,Internet,/Internet/Investiq.zora.html,English
README,Internet,Internet,,Internet,/Internet/README.html,English
Search.zora,Search.zora,Internet,,Internet,/Internet/Search.zora.html,English
TradeNova.zora,TradeNova.zora,Internet,,Internet,/Internet/TradeNova.zora.html,English
WorldWiki.nfc,WorldWiki.nfc,Internet,,Internet,/Internet/WorldWiki.nfc.html,English
生命秘度,生命秘度,Internet,,Internet,/Internet/生命秘度.html,English
Recorder,Recorder,Instrument,,Instrument,/Instrument/Recorder.html,English
Tellurian Airline Industry,Tellurian Airline Industry,Industry,,Industry,/Industry/Tellurian Airline Industry.html,English
大型战斗、多用机甲 World Devourer,大型战斗、多用机甲 World Devourer,Industry,,Industry,/Industry/大型战斗、多用机甲 World Devourer.html,English
Portrait-Organization-Aramaki_Kai,Aramaki_Kai,Image,,Image,/Image/Portrait-Organization-Aramaki_Kai.html,English
Portrait-People-Mori_Yazuki,Mori_Yazuki,Image,,Image,/Image/Portrait-People-Mori_Yazuki.html,English
Portrait-People-Qian_Qiu_Ye_Jun_Dai,Qian_Qiu_Ye_Jun_Dai,Image,,Image,/Image/Portrait-People-Qian_Qiu_Ye_Jun_Dai.html,English
README,Images,Image,,Image,/Image/README.html,English
Week of Learning,(Week of Learning),Holiday,,Holiday,/Holiday/Week of Learning.html,English
中秋节,中秋节,Holiday,,Holiday,/Holiday/中秋节.html,English
Warring States,Warring States ((Japan)),History,,History,/History/Warring States.html,English
Belle Vue Mont 青岚山,Scenic Peak 商乌丘 -> 青岚山,Geography,,Geography,/Geography/Belle Vue Mont 青岚山.html,English
Red Sea,Red Sea,Geography,,Geography,/Geography/Red Sea.html,English
天来聚居区,天来聚居区,Geography,,Geography,/Geography/天来聚居区.html,English
天柱,(Architecture, Building, Location, Scenary, Structure) 天柱,Geography,,Geography,/Geography/天柱.html,English
天罩,天罩,Geography,,Geography,/Geography/天罩.html,English
README,Generated,Generated,,Generated,/Generated/README.html,English
Gravity,(Game) Gravity 重力失控,Game,,Game,/Game/Gravity.html,English
Hard Wars,(Game) Hard Wars,Game,,Game,/Game/Hard Wars.html,English
Hero Cards,Hero Cards (王牌),Game,,Game,/Game/Hero Cards.html,English
Infinite Battles,Infinite Battles,Game,,Game,/Game/Infinite Battles.html,English
Ma Jiang 麻将,(Game) 麻将,Game,,Game,/Game/Ma Jiang 麻将.html,English
Pocket Universe,(Game) Pocket Universe 平行时空,Game,,Game,/Game/Pocket Universe.html,English
Reversi,Reversi,Game,,Game,/Game/Reversi.html,English
Star Commanders,Star Commanders/Space Commanders 星际指挥官5 (Star Mission 5),Game,,Game,/Game/Star Commanders.html,English
Theorycraft,Theorycraft,Game,,Game,/Game/Theorycraft.html,English
(The Palace) (CSU),""The Palace"",Galaxie,,Galaxie,/Galaxie/(The Palace) (CSU).html,English
Andromeda,Andromeda,Galaxie,,Galaxie,/Galaxie/Andromeda.html,English
Atum,Atum,Galaxie,,Galaxie,/Galaxie/Atum.html,English
Btum,Btum,Galaxie,,Galaxie,/Galaxie/Btum.html,English
Exvatum (比临),Exvatum (比临),Galaxie,,Galaxie,/Galaxie/Exvatum (比临).html,English
Milky Way,Milky Way,Galaxie,,Galaxie,/Galaxie/Milky Way.html,English
Pescus,Pescus,Galaxie,,Galaxie,/Galaxie/Pescus.html,English
Vinor Leader,Vinor Leader,Galaxial Conolizations (Civilizations),,Galaxial Conolizations (Civilizations),/Galaxial Conolizations (Civilizations)/Vinor Leader.html,English
Flirting Indicator,Flirting Indicator,Gadget,,Gadget,/Gadget/Flirting Indicator.html,English
The Doma System,The Doma System,G-Bound (Star) & Planet System,,G-Bound (Star) & Planet System,/G-Bound (Star) & Planet System/The Doma System.html,English
The Sol System (X13),The Sol(-II) System,G-Bound (Star) & Planet System,,G-Bound (Star) & Planet System,/G-Bound (Star) & Planet System/The Sol System (X13).html,English
Buddha Jumps Over the Wall,Buddha Jumps Over the Wall,Food,,Food,/Food/Buddha Jumps Over the Wall.html,English
Freeze Dried Smoothie Powders,Freeze Dried Smoothie Powder,Food,,Food,/Food/Freeze Dried Smoothie Powders.html,English
Milo 米咯,Milo 米咯,Food,,Food,/Food/Milo 米咯.html,English
README,Food,Food,,Food,/Food/README.html,English
Spare ribs soup with watercress and apricot kernels,Spare ribs soup with watercress and apricot kernels,Food,,Food,/Food/Spare ribs soup with watercress and apricot kernels.html,English
Steamed Pumkin Dumpling,Steamed Pumpkin Dumplings,Food,,Food,/Food/Steamed Pumkin Dumpling.html,English
Steamed Vermicelli Rolls,Steamed Vermicelli Rolls,Food,,Food,/Food/Steamed Vermicelli Rolls.html,English
Yusheng,Yusheng,Food,,Food,/Food/Yusheng.html,English
Sakura (Repurposed),Sakura (Repurposed),Flower,,Flower,/Flower/Sakura (Repurposed).html,English
Kailai,Kailai,Fighting Style,,Fighting Style,/Fighting Style/Kailai.html,English
Sprat,Sprat,Fauna,,Fauna,/Fauna/Sprat.html,English
Valzars,Valzar,Fauna,,Fauna,/Fauna/Valzars.html,English
Vyronyx,Vyronyx,Fauna,,Fauna,/Fauna/Vyronyx.html,English
Medalian Dressing Culture Survey,Medalian Dressing Culture Survey,Fashion and Clothing,,Fashion and Clothing,/Fashion and Clothing/Medalian Dressing Culture Survey.html,English
Story of Two Brothers,Story of Two Brothers 两兄弟寓言,Fairy Tales, Fables, Legends, Myths, Storie,,Fairy Tales, Fables, Legends, Myths, Storie,/Fairy Tales, Fables, Legends, Myths, Storie/Story of Two Brothers.html,English
Century Confrontation,Century Confrontation,Event,,Event,/Event/Century Confrontation.html,English
The four Great Unification,The four Great Unification,Event,,Event,/Event/The four Great Unification.html,English
The Great Expedition,(The Great Expedition),Event,,Event,/Event/The Great Expedition.html,English
The Medalian Visit (The First Contact),The Medalian Visit (The First Contact),Event,,Event,/Event/The Medalian Visit (The First Contact).html,English
对于冷家的抗议,Denial of Leng Family's Dominance Role 对于冷家的抗议,Event,,Event,/Event/对于冷家的抗议.html,English
第九号天柱爆炸事件,(Accident, Event, 天柱) 第九号天柱爆炸事件,Event,,Event,/Event/第九号天柱爆炸事件.html,English
Think Box at NFC Libraries,Think Box at NFC Libraries,Entitie,,Entitie,/Entitie/Think Box at NFC Libraries.html,English
Traveller,Traveller 漫游者,Entitie,,Entitie,/Entitie/Traveller.html,English
Cryptocurrency,Cryptocurrency,Economic,,Economic,/Economic/Cryptocurrency.html,English
九层楼核心价值,九层楼核心价值,Document,,Document,/Document/九层楼核心价值.html,English
九层楼的规则,九层楼的规则,Document,,Document,/Document/九层楼的规则.html,English
MIracle Studies,Miracle Studies,Descipline,,Descipline,/Descipline/MIracle Studies.html,English
Aranthra Metarian,Aranthra Metarian,Deitie,,Deitie,/Deitie/Aranthra Metarian.html,English
Krovinos,Krovinos,Deitie,,Deitie,/Deitie/Krovinos.html,English
Poladin (God of Sex),Poladin (God of Sex) (European),Deitie,,Deitie,/Deitie/Poladin (God of Sex).html,English
README,Gods and Deities,Deitie,,Deitie,/Deitie/README.html,English
(Giant Event Halls),Giant Event Halls,Culture,,Culture,/Culture/(Giant Event Halls).html,English
(Konralika People Name Culture),(Konralika People Name Culture),Culture,,Culture,/Culture/(Konralika People Name Culture).html,English
Konralika Mating Tradition,Konralika Mating Tradition,Culture,,Culture,/Culture/Konralika Mating Tradition.html,English
Medala Naming Culture,Medala Naming Culture,Culture,,Culture,/Culture/Medala Naming Culture.html,English
Medalian Ella Companions,Medalian Ella Companions,Culture,,Culture,/Culture/Medalian Ella Companions.html,English
Tellurian Lifestyle,Tellurian Lifestyle,Culture,,Culture,/Culture/Tellurian Lifestyle.html,English
九层楼不收录菜式以及食物名单,九层楼不收录菜式以及食物名单,Culture,,Culture,/Culture/九层楼不收录菜式以及食物名单.html,English
Walking Buffet,Walking Buffet,Cuisine Style,,Cuisine Style,/Cuisine Style/Walking Buffet.html,English
亲宴,亲宴,Cuisine Style,,Cuisine Style,/Cuisine Style/亲宴.html,English
沙县小吃,沙县小吃,Cuisine Style,,Cuisine Style,/Cuisine Style/沙县小吃.html,English
茶楼，广州点心,茶楼，广州点心,Cuisine Style,,Cuisine Style,/Cuisine Style/茶楼，广州点心.html,English
(Ancient) Balnum,(Ancient) Balnum,Countrie,,Countrie,/Countrie/(Ancient) Balnum.html,English
(Female Kingdom),(Female Kingdom),Countrie,,Countrie,/Countrie/(Female Kingdom).html,English
(东骊共和国),东骊共和国,Countrie,,Countrie,/Countrie/(东骊共和国).html,English
Anzu,Anzu,Countrie,,Countrie,/Countrie/Anzu.html,English
Audas,Audas,Countrie,,Countrie,/Countrie/Audas.html,English
Austinbu,Austinbu,Countrie,,Countrie,/Countrie/Austinbu.html,English
Axi,Axi,Countrie,,Countrie,/Countrie/Axi.html,English
Chinnan,Chinnan,Countrie,,Countrie,/Countrie/Chinnan.html,English
Commonwealth of Jorenia,Commonwealth of Jorenia,Countrie,,Countrie,/Countrie/Commonwealth of Jorenia.html,English
Country - 001,Country - 001,Countrie,,Countrie,/Countrie/Country - 001.html,English
Federal Republic of Bremont,Federal Republic of Bremont,Countrie,,Countrie,/Countrie/Federal Republic of Bremont.html,English
Gandi 甘地,Gandi,Countrie,,Countrie,/Countrie/Gandi 甘地.html,English
Haiti,Haiti 海地,Countrie,,Countrie,/Countrie/Haiti.html,English
Hanuda,Hanuda,Countrie,,Countrie,/Countrie/Hanuda.html,English
Jor,Jor,Countrie,,Countrie,/Countrie/Jor.html,English
Kanit,Kanit,Countrie,,Countrie,/Countrie/Kanit.html,English
Kingdom of Drakken,Kingdom of Drakken,Countrie,,Countrie,/Countrie/Kingdom of Drakken.html,English
Koban,Koban,Countrie,,Countrie,/Countrie/Koban.html,English
Konralika,Konralika,Countrie,,Countrie,/Countrie/Konralika.html,English
Nerssua,Nerssua,Countrie,,Countrie,/Countrie/Nerssua.html,English
Pumuna,Pumuna,Countrie,,Countrie,/Countrie/Pumuna.html,English
README,Countries of the World,Countrie,,Countrie,/Countrie/README.html,English
Satusha,Satusha,Countrie,,Countrie,/Countrie/Satusha.html,English
Sota,Sota 索他,Countrie,,Countrie,/Countrie/Sota.html,English
Takensian,Takensian,Countrie,,Countrie,/Countrie/Takensian.html,English
The Floating Heaven,The Floating Heaven,Countrie,,Countrie,/Countrie/The Floating Heaven.html,English
The Holy City,The Holy City,Countrie,,Countrie,/Countrie/The Holy City.html,English
TNE,TNE,Countrie,,Countrie,/Countrie/TNE.html,English
UVSR,UVSR,Countrie,,Countrie,/Countrie/UVSR.html,English
Valios,Valios,Countrie,,Countrie,/Countrie/Valios.html,English
Zan,Zan,Countrie,,Countrie,/Countrie/Zan.html,English
Áo dài 奥黛,Ao Dai,Countrie,,Countrie,/Countrie/Áo dài 奥黛.html,English
Akhan,Akhan,Continent,,Continent,/Continent/Akhan.html,English
Amabusa,Amabusa,Continent,,Continent,/Continent/Amabusa.html,English
Amajin,Amajin,Continent,,Continent,/Continent/Amajin.html,English
Amamu,Amamu,Continent,,Continent,/Continent/Amamu.html,English
Amasia,Amasia,Continent,,Continent,/Continent/Amasia.html,English
Arphyria,Arphyria,Continent,,Continent,/Continent/Arphyria.html,English
Axia,Axis,Continent,,Continent,/Continent/Axia.html,English
Ereb,Ereb,Continent,,Continent,/Continent/Ereb.html,English
Latin,Latin,Continent,,Continent,/Continent/Latin.html,English
Neyu,Neyu,Continent,,Continent,/Continent/Neyu.html,English
Runkatul,Runkatul,Continent,,Continent,/Continent/Runkatul.html,English
Taramor,Taramor,Continent,,Continent,/Continent/Taramor.html,English
Animal Intelligence,Animal Intelligence,Construct,,Construct,/Construct/Animal Intelligence.html,English
Blackhole Technologies,Blackhole Technologies,Construct,,Construct,/Construct/Blackhole Technologies.html,English
Blessing of Gods,Blessing of Gods,Construct,,Construct,/Construct/Blessing of Gods.html,English
Death,Death,Construct,,Construct,/Construct/Death.html,English
Dream,Dream,Construct,,Construct,/Construct/Dream.html,English
Fepulans Players,Fepulans Players,Construct,,Construct,/Construct/Fepulans Players.html,English
Legendary Objects 神器,Legendary Objects,Construct,,Construct,/Construct/Legendary Objects 神器.html,English
Life After Death,Life After Death,Construct,,Construct,/Construct/Life After Death.html,English
Magic,Magic,Construct,,Construct,/Construct/Magic.html,English
Naturals,Naturals,Construct,,Construct,/Construct/Naturals.html,English
NFC Intranet,NFC Intranet,Construct,,Construct,/Construct/NFC Intranet.html,English
Programmed Death Procedure,Programmed Death Procedure,Construct,,Construct,/Construct/Programmed Death Procedure.html,English
Prophecy and Future-Seeing,Prophecy and Future Seeing,Construct,,Construct,/Construct/Prophecy and Future-Seeing.html,English
Renascence,Renascence ,Construct,,Construct,/Construct/Renascence.html,English
Simulatione (The Innerverse),Simulatione (The Innerverse),Construct,,Construct,/Construct/Simulatione (The Innerverse).html,English
Super Realm,Super Realm,Construct,,Construct,/Construct/Super Realm.html,English
Tellurian Sexuality,Tellurian Sexuality,Construct,,Construct,/Construct/Tellurian Sexuality.html,English
The Many Worlds,The Many Worlds,Construct,,Construct,/Construct/The Many Worlds.html,English
Universe Timezone,Universe Timezone,Construct,,Construct,/Construct/Universe Timezone.html,English
世界特异性,世界特异性^[Most of those stuff are not true or applicable in our world],Construct,,Construct,/Construct/世界特异性.html,English
Artificial Brain,Artificial Brain,Concept,,Concept,/Concept/Artificial Brain.html,English
Center of Universe (CU),Center of Universe (CU),Concept,,Concept,/Concept/Center of Universe (CU).html,English
Central Stage of Universe (CSU),Central Stage of Universe/Central Stae of the Universe (CSU) 宇宙中央区域,Concept,,Concept,/Concept/Central Stage of Universe (CSU).html,English
Concentrated Vacuum Energy,Concentrated Vacuum Energy (Magic),Concept,,Concept,/Concept/Concentrated Vacuum Energy.html,English
Concept - Inner God (Inner Divinity),High Concept - Inherent Intellect Divinity,Concept,,Concept,/Concept/Concept - Inner God (Inner Divinity).html,English
Interstellar Human (Tellurian) Trafficking,Interstellar Human (Tellurian) Trafficking,Concept,,Concept,/Concept/Interstellar Human (Tellurian) Trafficking.html,English
Lakə (The Inherent Divinity),Lakə (The Inherent Divinity),Concept,,Concept,/Concept/Lakə (The Inherent Divinity).html,English
Medalian (Miah) Council Structure,Medalian Council Structure,Concept,,Concept,/Concept/Medalian (Miah) Council Structure.html,English
Medalian Queens,Medalian Queens,Concept,,Concept,/Concept/Medalian Queens.html,English
Tellurian Gods,Tellurian Gods,Concept,,Concept,/Concept/Tellurian Gods.html,English
The Outer World,The Outer World,Concept,,Concept,/Concept/The Outer World.html,English
而立之年,而立之年,Concept,,Concept,/Concept/而立之年.html,English
(Ancient) Eunòir,(Ancient) Eunòir,Civilization,,Civilization,/Civilization/(Ancient) Eunòir.html,English
Alhamra,Alhamra,Citie,,Citie,/Citie/Alhamra.html,English
Astralis,Astralis,Citie,,Citie,/Citie/Astralis.html,English
Augstan,Augstan,Citie,,Citie,/Citie/Augstan.html,English
Carrefour,Carrefour,Citie,,Citie,/Citie/Carrefour.html,English
Higasashi (per Vancouver),Higasashi,Citie,,Citie,/Citie/Higasashi (per Vancouver).html,English
Iluran,Iluran (Old Name),Citie,,Citie,/Citie/Iluran.html,English
Lio,Lio,Citie,,Citie,/Citie/Lio.html,English
Medalian Capital,Medalian Capital,Citie,,Citie,/Citie/Medalian Capital.html,English
Moana Region,Moana Region,Citie,,Citie,/Citie/Moana Region.html,English
NFC,NFC (九层楼),Citie,,Citie,/Citie/NFC.html,English
Rich Hill,Rich Hill,Citie,,Citie,/Citie/Rich Hill.html,English
Sky Port,Sky Port (Montemar),Citie,,Citie,/Citie/Sky Port.html,English
Stahlmere,Stahlmere,Citie,,Citie,/Citie/Stahlmere.html,English
Sɒkta,Sɒkta,Citie,,Citie,/Citie/Sɒkta.html,English
Tinye,Tinye,Citie,,Citie,/Citie/Tinye.html,English
Vandentra (per Toronto),Vandentra,Citie,,Citie,/Citie/Vandentra (per Toronto).html,English
Vulkham,Vulkham,Citie,,Citie,/Citie/Vulkham.html,English
西京,Xi Jing,Citie,,Citie,/Citie/西京.html,English
Δ⁹-THM,Delta-9-Tetrahydromerveilol (Δ⁹-THM),Chemical,,Chemical,/Chemical/Δ⁹-THM.html,English
Δ⁹-THM,External Notes,Chemical,,Chemical,/Chemical/External Notes_.html,Other
车臣牌,车臣牌,CardGame,,CardGame,/CardGame/车臣牌.html,English
Medalian Calender,Medalian Calender,Calendar,,Calendar,/Calendar/Medalian Calender.html,English
CofN Airport,CofN Airport,Building,,Building,/Building/CofN Airport.html,English
Flying Fortress 空中堡垒,Flying Fortress 空中堡垒,Building,,Building,/Building/Flying Fortress 空中堡垒.html,English
往生塔,往生塔 (PENIDNG ENGLISH/TELURIAN NAME),Building,,Building,/Building/往生塔.html,English
（黑白跳棋）,（黑白跳棋）,BoardGame,,BoardGame,/BoardGame/（黑白跳棋）.html,English
(Animal) Evolution Cladogram,Animal Evolution - Cladogram on Tellus and Ids,Biology,,Biology,/Biology/(Animal) Evolution Cladogram.html,English
Sacred Tree of Alhamra,Sacred Tree of Alhamra,Biology,,Biology,/Biology/Sacred Tree of Alhamra.html,English
The New Calendar,The New Calendar,Astronomy,,Astronomy,/Astronomy/The New Calendar.html,English
Liu's Robotic Arm,Liu's Robotic Arm,Artifact,,Artifact,/Artifact/Liu's Robotic Arm.html,English
吟唱诗人,吟唱诗人,Art,,Art,/Art/吟唱诗人.html,English
高明的化妆术,高明的化妆术,Art,,Art,/Art/高明的化妆术.html,English
Center View Tower 中央天柱,Central View Tower (Center View Tower),Architecture,,Architecture,/Architecture/Center View Tower 中央天柱.html,English
Garden Housing Complex (GHC),Garden Housing Complex (GHC),Architecture,,Architecture,/Architecture/Garden Housing Complex (GHC).html,English
Leng Family House (冷家),Leng Family House (冷家),Architecture,,Architecture,/Architecture/Leng Family House (冷家).html,English
The Sky Dome,The Sky Dome,Architecture,,Architecture,/Architecture/The Sky Dome.html,English
龟瓦琉璃院,龟瓦琉璃院,Architecture,,Architecture,/Architecture/龟瓦琉璃院.html,English
Interstellar Studies,Interstellar Studies,Academic,,Academic,/Academic/Interstellar Studies.html,English
README,Academics,Academic,,Academic,/Academic/README.html,English
